YearMonth,front_1_select,front_2_select,front_3_select,front_4_select,front_5_select,front_6_select,front_7_select,front_8_select,front_9_select,front_10_select,front_11_select,front_12_select,front_13_select,front_14_select,front_15_select,back_1_select,back_2_select,back_3_select,back_4_select,back_5_select,back_6_select,back_7_select,back_8_select,back_9_select,back_10_select,back_11_select,back_12_select,back_13_select,back_14_select,back_15_select
2004-10,EEM,EEM,EEM,EEM,EEM,EEM,EEM,EEM,EEM,EEM,EEM,EEM,EEM,EEM,EEM,EEM,EEM,EEM,EEM,EEM,EEM,EEM,EEM,EEM,EEM,EEM,EEM,EEM,EEM,EEM
2004-11,EEM,EEM,EEM,EEM,EEM,EEM,EEM,EEM,EEM,EEM,EEM,EEM,EEM,EEM,EEM,EEM,EEM,EEM,EEM,EEM,EEM,EEM,EEM,EEM,EEM,EEM,EEM,EEM,EEM,EEM
2004-12,EEM,EEM,EEM,EEM,EEM,EEM,EEM,EEM,EEM,EEM,EEM,EEM,EEM,EEM,EEM,EEM,EEM,EEM,EEM,EEM,EEM,EEM,EEM,EEM,EEM,EEM,EEM,EEM,EEM,EEM
2005-01,EEM,EEM,EEM,EEM,EEM,EEM,EEM,EEM,EEM,EEM,EEM,EEM,EEM,EEM,EEM,EEM,EEM,EEM,EEM,EEM,EEM,EEM,EEM,EEM,EEM,EEM,EEM,EEM,EEM,EEM
2005-02,EEM,EEM,EEM,EEM,EEM,EEM,EEM,EEM,EEM,EEM,EEM,EEM,EEM,EEM,EEM,EEM,EEM,EEM,EEM,EEM,EEM,EEM,EEM,EEM,EEM,EEM,EEM,EEM,EEM,EEM
2005-03,EEM,EEM,EEM,EEM,EEM,EEM,LQD,LQD,LQD,LQD,SHY,LQD,SHY,SHY,SHY,LQD,SHY,SHY,SHY,SHY,SHY,SHY,SHY,SHY,SHY,SHY,SHY,LQD,LQD,LQD
2005-04,EEM,EEM,EEM,EEM,EEM,EEM,EEM,EEM,EEM,EEM,IEF,EEM,EEM,EEM,EEM,EEM,EEM,EEM,EEM,EEM,EEM,EEM,EEM,EEM,IEF,IEF,EEM,EEM,EEM,EEM
2005-05,EEM,EEM,EEM,EEM,EEM,EEM,EEM,EEM,EEM,EEM,EEM,EEM,EEM,EEM,EEM,EEM,EEM,EEM,EEM,EEM,EEM,EEM,EEM,EEM,EEM,EEM,EEM,EEM,EEM,EEM
2005-06,EEM,EEM,EEM,EEM,EEM,EEM,EEM,EEM,EEM,EEM,EEM,EEM,EEM,EEM,EEM,EEM,EEM,EEM,EEM,EEM,EEM,EEM,EEM,EEM,EEM,EEM,EEM,EEM,EEM,EEM
2005-07,EEM,EEM,EEM,EEM,EEM,EEM,EEM,EEM,EEM,EEM,EEM,EEM,EEM,EEM,EEM,EEM,EEM,EEM,EEM,EEM,EEM,EEM,EEM,EEM,EEM,EEM,EEM,EEM,EEM,EEM
2005-08,EEM,EEM,EEM,EEM,EEM,EEM,EEM,EEM,EEM,EEM,EEM,EEM,EEM,EEM,EEM,EEM,EEM,EEM,EEM,EEM,EEM,EEM,EEM,EEM,EEM,EEM,EEM,EEM,EEM,EEM
2005-09,EEM,EEM,EEM,EEM,EEM,EEM,EEM,EEM,EEM,EEM,EEM,EEM,EEM,EEM,EEM,EEM,EEM,EEM,EEM,EEM,EEM,EEM,EEM,EEM,EEM,EEM,EEM,EEM,EEM,EEM
2005-10,EEM,EEM,EEM,EEM,EEM,EEM,EEM,SHY,SHY,EEM,EEM,EEM,EEM,EEM,EEM,SHY,SHY,SHY,SHY,EEM,EEM,EEM,EEM,EEM,EEM,EEM,EEM,EEM,SHY,EEM
2005-11,SHY,SHY,SHY,SHY,SHY,EEM,SHY,EEM,EEM,SHY,SHY,EEM,EEM,SHY,EEM,EEM,EEM,EEM,EEM,EEM,EEM,EEM,SHY,EEM,EEM,SHY,SHY,EEM,EEM,SHY
2005-12,SHY,SHY,SHY,EEM,SHY,EEM,SHY,SHY,EEM,EEM,EEM,EEM,EEM,EEM,EEM,EEM,EEM,EEM,EEM,EEM,EEM,EEM,EEM,EEM,EEM,EEM,EEM,EEM,SHY,EEM
2006-01,EEM,EEM,EEM,EEM,EEM,EEM,EEM,EEM,EEM,EEM,EEM,EEM,EEM,EEM,EEM,EEM,EEM,EEM,EEM,EEM,EEM,EEM,EEM,EEM,EEM,EEM,EEM,EEM,EEM,EEM
2006-02,EEM,EEM,EEM,EEM,EEM,EEM,EEM,EEM,EEM,EEM,EEM,EEM,EEM,EEM,EEM,EEM,EEM,EEM,EEM,EEM,EEM,EEM,EEM,EEM,EEM,EEM,EEM,EEM,EEM,EEM
2006-03,EEM,EEM,EEM,SHY,EEM,EEM,EEM,EEM,EEM,EEM,EEM,EEM,EEM,EEM,EEM,EEM,SHY,EEM,EEM,EEM,EEM,EEM,EEM,EEM,EEM,EEM,EEM,EEM,EEM,EEM
2006-04,SHY,EEM,EEM,EEM,SHY,SHY,EEM,SHY,SHY,SHY,SHY,SHY,SHY,SHY,SHY,EEM,SHY,SHY,SHY,SHY,SHY,SHY,SHY,SHY,SHY,SHY,SHY,SHY,SHY,SHY
2006-05,SHY,SHY,SHY,SHY,EEM,EEM,SHY,SHY,SHY,SHY,SHY,SHY,SHY,EEM,SHY,SHY,SHY,EFA,SHY,SHY,SHY,EFA,EEM,EEM,SHY,EEM,SHY,SHY,SHY,SHY
2006-06,SHY,EFA,SHY,EFA,SHY,EFA,SHY,SHY,SHY,SHY,SHY,SHY,SHY,SHY,SHY,SHY,SHY,SHY,SHY,SHY,SHY,SHY,SHY,SHY,SHY,SHY,SHY,SHY,SHY,SHY
2006-07,SHY,SHY,SHY,SHY,SHY,SHY,SHY,SHY,SHY,SHY,SHY,EFA,SHY,SHY,EFA,EFA,EFA,EFA,EFA,EFA,EFA,SHY,SHY,EEM,SHY,SHY,SHY,SHY,SHY,SHY
2006-08,EFA,EFA,EFA,EFA,EFA,EFA,EFA,EFA,EFA,EFA,EFA,EFA,EFA,EFA,EFA,EFA,EFA,EFA,EFA,EFA,EFA,EFA,EFA,EFA,EFA,EEM,EFA,EFA,EFA,EFA
2006-09,EFA,EFA,EFA,EFA,EFA,EFA,EFA,EEM,EEM,EFA,EFA,EFA,EEM,EFA,EFA,EFA,EFA,EFA,EFA,EFA,EFA,EFA,EEM,EEM,EEM,EFA,EFA,EEM,EFA,EFA
2006-10,EFA,EFA,EFA,EFA,EFA,EFA,EFA,EEM,EEM,EEM,EEM,EFA,EEM,EEM,EFA,EEM,EFA,EFA,EEM,EEM,EFA,EFA,EFA,EFA,EEM,EEM,EEM,EEM,EEM,EFA
2006-11,EEM,EEM,EEM,EEM,EEM,EEM,EEM,EEM,EEM,EEM,EEM,EEM,EEM,EEM,EEM,EEM,EEM,EEM,EEM,EEM,EEM,EEM,EEM,EEM,EEM,EEM,EEM,EEM,EEM,EEM
2006-12,EEM,EEM,EEM,EEM,EEM,EEM,EEM,EEM,EEM,EEM,EEM,EEM,EEM,EEM,EEM,EEM,EEM,EEM,EEM,EEM,EEM,EEM,EEM,EEM,EEM,EEM,EEM,EEM,EEM,EEM
2007-01,EEM,EEM,EEM,EEM,EEM,EEM,EEM,EEM,EEM,EEM,EEM,EEM,EEM,EEM,EEM,EEM,EEM,EFA,EEM,EEM,EEM,EEM,EEM,EEM,EEM,EEM,EEM,EEM,EEM,EEM
2007-02,EEM,EEM,EEM,EEM,EEM,EEM,EEM,EEM,EEM,EEM,EEM,EEM,EEM,EEM,EEM,EFA,EFA,EEM,EEM,EEM,EEM,EEM,EEM,EEM,EEM,EEM,EFA,EEM,EEM,EEM
2007-03,EFA,EFA,EFA,EFA,EFA,EEM,EEM,EEM,EEM,EFA,EFA,EFA,EFA,EFA,EEM,EEM,EEM,EFA,EEM,EEM,EEM,EEM,EEM,EFA,EFA,EFA,EEM,EEM,EFA,EEM
2007-04,EEM,EEM,EEM,EEM,EEM,EEM,EEM,EEM,EEM,EEM,EEM,EEM,EEM,EEM,EEM,EFA,EEM,EEM,EEM,EEM,EEM,EEM,EEM,EEM,EEM,EEM,EEM,EEM,EEM,EEM
2007-05,EEM,EEM,EEM,EEM,EEM,EEM,EEM,EEM,EEM,EEM,EEM,EEM,EEM,EEM,EEM,EEM,EEM,EEM,EEM,EEM,EEM,EEM,EEM,EEM,EEM,EEM,EEM,EEM,EEM,EEM
2007-06,EEM,EEM,EEM,EEM,EEM,EEM,EEM,SHY,SHY,EEM,EEM,EEM,EEM,EEM,EEM,EEM,EEM,EEM,EEM,EEM,EEM,EEM,EEM,EEM,EEM,EEM,EEM,SHY,SHY,EEM
2007-07,EEM,EEM,EEM,EEM,EEM,EEM,EEM,EEM,EEM,EEM,EEM,EEM,EEM,EEM,EEM,EEM,EEM,EEM,EEM,EEM,EEM,EEM,EEM,EEM,EEM,EEM,EEM,EEM,EEM,EEM
2007-08,EEM,EEM,EEM,EEM,EEM,EEM,EEM,EEM,EEM,EEM,IEF,IEF,IEF,IEF,IEF,EEM,EEM,EEM,EEM,EEM,EEM,EEM,EEM,IEF,IEF,IEF,IEF,IEF,EEM,EEM
2007-09,EEM,EEM,EEM,EEM,EEM,EEM,EEM,EEM,EEM,EEM,EEM,EEM,EEM,EEM,EEM,EEM,EEM,EEM,EEM,EEM,EEM,EEM,EEM,EEM,EEM,EEM,EEM,EEM,EEM,EEM
2007-10,EEM,EEM,EEM,EEM,EEM,EEM,EEM,EEM,EEM,EEM,EEM,EEM,EEM,EEM,EEM,EEM,EEM,EEM,EEM,EEM,EEM,EEM,EEM,EEM,EEM,EEM,EEM,EEM,EEM,EEM
2007-11,EEM,EEM,EEM,EEM,EEM,EEM,IEF,IEF,EEM,EEM,EEM,EEM,IEF,IEF,IEF,EEM,EEM,EEM,IEF,IEF,IEF,IEF,IEF,IEF,IEF,IEF,EEM,EEM,IEF,IEF
2007-12,EEM,IEF,EEM,EEM,EEM,EEM,EEM,EEM,EEM,EEM,IEF,IEF,IEF,EEM,EEM,IEF,EEM,EEM,EEM,EEM,EEM,EEM,IEF,IEF,IEF,EEM,EEM,EEM,EEM,EEM
2008-01,IEF,IEF,IEF,IEF,IEF,IEF,IEF,IEF,IEF,IEF,IEF,IEF,IEF,IEF,IEF,IEF,IEF,IEF,IEF,IEF,IEF,IEF,IEF,IEF,IEF,IEF,IEF,IEF,IEF,IEF
2008-02,IEF,IEF,IEF,IEF,IEF,IEF,IEF,IEF,IEF,IEF,IEF,IEF,IEF,IEF,IEF,IEF,IEF,IEF,IEF,IEF,IEF,IEF,IEF,IEF,IEF,IEF,IEF,IEF,IEF,IEF
2008-03,IEF,IEF,IEF,IEF,IEF,IEF,IEF,IEF,IEF,IEF,IEF,IEF,IEF,IEF,IEF,IEF,IEF,IEF,IEF,IEF,IEF,IEF,IEF,IEF,IEF,IEF,IEF,IEF,IEF,IEF
2008-04,IEF,IEF,IEF,IEF,IEF,IEF,IEF,IEF,IEF,IEF,IEF,IEF,IEF,IEF,IEF,IEF,IEF,IEF,IEF,IEF,IEF,IEF,EEM,IEF,IEF,IEF,IEF,IEF,IEF,IEF
2008-05,IEF,IEF,IEF,EEM,IEF,IEF,IEF,EEM,IEF,EEM,EEM,EEM,EEM,EEM,IEF,IEF,IEF,IEF,IEF,IEF,IEF,IEF,EEM,EEM,EEM,EEM,EEM,EEM,EEM,IEF
2008-06,IEF,IEF,IEF,IEF,IEF,IEF,IEF,IEF,IEF,IEF,SHY,IEF,IEF,SHY,IEF,IEF,IEF,IEF,IEF,IEF,IEF,IEF,SHY,IEF,IEF,SHY,IEF,IEF,IEF,IEF
2008-07,IEF,IEF,IEF,IEF,IEF,IEF,IEF,IEF,IEF,IEF,IEF,IEF,IEF,IEF,IEF,IEF,IEF,IEF,IEF,IEF,IEF,IEF,IEF,IEF,IEF,IEF,IEF,IEF,IEF,IEF
2008-08,IEF,IEF,IEF,IEF,IEF,IEF,IEF,IEF,IEF,IEF,IEF,IEF,IEF,IEF,IEF,IEF,IEF,IEF,IEF,IEF,IEF,IEF,IEF,IEF,IEF,IEF,IEF,IEF,IEF,IEF
2008-09,IEF,IEF,IEF,IEF,IEF,IEF,IEF,IEF,IEF,IEF,IEF,IEF,IEF,IEF,IEF,IEF,IEF,IEF,IEF,IEF,IEF,IEF,IEF,IEF,IEF,IEF,IEF,IEF,IEF,IEF
2008-10,IEF,IEF,IEF,IEF,IEF,IEF,SHY,SHY,SHY,SHY,SHY,SHY,SHY,SHY,IEF,SHY,SHY,IEF,SHY,IEF,IEF,IEF,IEF,SHY,SHY,SHY,SHY,SHY,SHY,SHY
2008-11,SHY,SHY,IEF,SHY,SHY,SHY,SHY,IEF,IEF,IEF,IEF,IEF,IEF,IEF,IEF,IEF,IEF,IEF,IEF,IEF,IEF,IEF,IEF,IEF,IEF,SHY,IEF,IEF,SHY,IEF
2008-12,IEF,IEF,IEF,IEF,IEF,IEF,IEF,IEF,IEF,IEF,IEF,IEF,IEF,IEF,IEF,IEF,IEF,IEF,IEF,IEF,IEF,IEF,IEF,IEF,IEF,IEF,IEF,IEF,IEF,IEF
2009-01,IEF,IEF,IEF,IEF,IEF,IEF,IEF,IEF,IEF,IEF,IEF,IEF,IEF,IEF,IEF,IEF,IEF,IEF,IEF,IEF,IEF,IEF,IEF,IEF,IEF,IEF,IEF,IEF,IEF,IEF
2009-02,IEF,IEF,IEF,IEF,IEF,IEF,IEF,IEF,IEF,IEF,IEF,IEF,IEF,IEF,IEF,IEF,IEF,IEF,IEF,IEF,IEF,IEF,IEF,IEF,IEF,IEF,IEF,IEF,IEF,IEF
2009-03,IEF,IEF,IEF,IEF,IEF,IEF,IEF,IEF,IEF,IEF,IEF,IEF,IEF,IEF,IEF,IEF,IEF,IEF,IEF,IEF,IEF,IEF,IEF,IEF,IEF,IEF,IEF,IEF,IEF,IEF
2009-04,IEF,IEF,IEF,IEF,IEF,IEF,IEF,IEF,IEF,IEF,IEF,IEF,IEF,IEF,IEF,IEF,IEF,IEF,IEF,IEF,IEF,IEF,IEF,IEF,IEF,IEF,IEF,IEF,IEF,IEF
2009-05,IEF,IEF,IEF,IEF,IEF,IEF,IEF,IEF,IEF,IEF,IEF,IEF,EEM,EEM,EEM,EEM,LQD,LQD,EEM,EEM,EEM,EEM,LQD,IEF,IEF,IEF,IEF,IEF,IEF,IEF
2009-06,EEM,EEM,EEM,EEM,EEM,EEM,EEM,EEM,EEM,EEM,EEM,LQD,LQD,LQD,EEM,LQD,EEM,LQD,LQD,LQD,LQD,LQD,LQD,LQD,LQD,LQD,EEM,EEM,EEM,EEM
2009-07,LQD,LQD,LQD,LQD,LQD,LQD,LQD,LQD,LQD,LQD,LQD,EEM,EEM,EEM,EEM,EEM,EEM,EEM,EEM,EEM,EEM,EEM,EEM,EEM,EEM,EEM,LQD,LQD,LQD,LQD
2009-08,EEM,EEM,EEM,EEM,EEM,EEM,EEM,EEM,EEM,EEM,EEM,EEM,EEM,EEM,EEM,EEM,EEM,EEM,EEM,EEM,EEM,EEM,EEM,EEM,EEM,EEM,EEM,EEM,EEM,EEM
2009-09,EEM,EEM,EEM,EEM,EEM,EEM,EEM,EEM,EEM,EEM,EEM,EEM,EEM,EEM,EEM,EEM,EEM,EEM,EEM,EEM,EEM,EEM,EEM,EEM,EEM,EEM,EEM,EEM,EEM,EEM
2009-10,EEM,EEM,EEM,EEM,EEM,EEM,EEM,EEM,EEM,EEM,EEM,EEM,EEM,EEM,EEM,EEM,EEM,EEM,EEM,EEM,EEM,EEM,EEM,EEM,EEM,EEM,EEM,EEM,EEM,EEM
2009-11,EEM,EEM,EEM,EEM,EEM,EEM,EEM,EEM,EEM,EEM,EEM,EEM,EEM,EEM,EEM,EEM,EEM,EEM,EEM,EEM,EEM,EEM,EEM,EEM,EEM,EEM,EEM,EEM,EEM,EEM
2009-12,EEM,EEM,EEM,EEM,EEM,EEM,EEM,EEM,EEM,EEM,EEM,EEM,EEM,EEM,EEM,EEM,EEM,EEM,EEM,EEM,EEM,EEM,EEM,EEM,EEM,EEM,EEM,EEM,EEM,EEM
2010-01,EEM,EEM,EEM,EEM,EEM,EEM,EEM,EEM,EEM,EEM,EEM,EEM,EEM,EEM,EEM,EEM,EEM,EEM,EEM,EEM,EEM,EEM,EEM,EEM,EEM,EEM,EEM,EEM,EEM,EEM
2010-02,EEM,EEM,EEM,EEM,EEM,EEM,EEM,EEM,EEM,EEM,EEM,EEM,EEM,EEM,EEM,EEM,EEM,EEM,EEM,EEM,EEM,EEM,EEM,EEM,EEM,EEM,EEM,EEM,EEM,EEM
2010-03,EEM,EEM,EEM,EEM,EEM,EEM,EEM,EEM,EEM,EEM,EEM,EEM,EEM,EEM,EEM,EEM,EEM,EEM,EEM,EEM,EEM,EEM,EEM,EEM,EEM,EEM,EEM,EEM,EEM,EEM
2010-04,EEM,EEM,EEM,EEM,EEM,EEM,EEM,EEM,EEM,EEM,EEM,EEM,EEM,EEM,EEM,EEM,EEM,EEM,EEM,EEM,EEM,EEM,EEM,EEM,SPY,EEM,EEM,EEM,EEM,EEM
2010-05,SPY,SPY,SPY,LQD,LQD,SPY,SPY,SPY,SPY,LQD,LQD,LQD,LQD,LQD,LQD,LQD,LQD,LQD,LQD,LQD,LQD,LQD,LQD,LQD,LQD,LQD,SPY,SPY,SPY,SPY
2010-06,IEF,LQD,LQD,IEF,IEF,IEF,IEF,IEF,IEF,IEF,IEF,IEF,IEF,EEM,LQD,IEF,IEF,IEF,IEF,IEF,IEF,LQD,IEF,EEM,IEF,IEF,IEF,IEF,IEF,IEF
2010-07,IEF,IEF,IEF,AGG,EEM,EEM,EEM,EEM,EEM,LQD,IEF,IEF,IEF,IEF,IEF,EEM,EEM,EEM,EEM,EEM,EEM,IEF,IEF,IEF,IEF,IEF,IEF,LQD,EEM,IEF
2010-08,EEM,EEM,EEM,EEM,EEM,EEM,EEM,EEM,EEM,EEM,EEM,EEM,EEM,EEM,LQD,IEF,IEF,LQD,IEF,LQD,IEF,EEM,EEM,EEM,EEM,EEM,EEM,IEF,EEM,EEM
2010-09,EEM,EEM,EEM,EEM,EEM,EEM,EEM,EEM,EEM,EEM,EEM,EEM,EEM,EEM,EEM,EEM,EEM,EEM,EEM,EEM,EEM,EEM,EEM,EEM,EEM,EEM,EEM,EEM,EEM,EEM
2010-10,EEM,EEM,EEM,EEM,EEM,EEM,EEM,EEM,EEM,EEM,EEM,EEM,EEM,EEM,EEM,EEM,EEM,EEM,EEM,EEM,EEM,EEM,EEM,EEM,EEM,EEM,EEM,EEM,EEM,EEM
2010-11,EEM,EEM,EEM,EEM,EEM,EEM,EEM,EEM,EEM,EEM,EEM,EEM,EEM,EEM,EEM,EEM,EEM,EEM,EEM,EEM,EEM,EEM,EEM,EEM,EEM,EEM,EEM,EEM,EEM,EEM
2010-12,EEM,EEM,EEM,EEM,EEM,EEM,EEM,SPY,EEM,EEM,SPY,SPY,SPY,SPY,SPY,EEM,EEM,EEM,SPY,SPY,SPY,SPY,SPY,SPY,EEM,SPY,SPY,EEM,EEM,SPY
2011-01,SPY,SPY,SPY,SPY,SPY,SPY,SPY,SPY,SPY,SPY,SPY,SPY,SPY,SPY,SPY,SPY,SPY,SPY,SPY,SPY,SPY,SPY,SPY,SPY,SPY,SPY,SPY,SPY,SPY,SPY
2011-02,SPY,SPY,SPY,LQD,LQD,LQD,LQD,LQD,LQD,LQD,SPY,SPY,SPY,SPY,SPY,SPY,SPY,SPY,SPY,SPY,SPY,SPY,SPY,LQD,SPY,LQD,LQD,LQD,LQD,LQD
2011-03,SPY,SPY,SPY,SPY,SPY,SPY,SPY,SPY,SPY,SPY,SPY,LQD,SPY,SPY,SPY,SPY,SPY,SPY,SPY,SPY,SPY,SPY,SPY,SPY,SPY,SPY,LQD,SPY,SPY,SPY
2011-04,SPY,SPY,SPY,EEM,EEM,EEM,EEM,SPY,SPY,EEM,EEM,SPY,EEM,EEM,EEM,EFA,EFA,EEM,EEM,EEM,EEM,EEM,EEM,SPY,EEM,EEM,EEM,SPY,EEM,EEM
2011-05,EFA,EFA,EFA,EFA,SPY,SPY,SPY,SPY,SPY,SPY,SPY,SPY,SPY,SPY,SPY,EFA,SPY,SPY,SPY,SPY,SPY,SPY,SPY,SPY,SPY,SPY,SPY,SPY,SPY,SPY
2011-06,EFA,EEM,EFA,EFA,EFA,EFA,EFA,EFA,EFA,EFA,EFA,EFA,EFA,EFA,EFA,EFA,EFA,EFA,EFA,EFA,EFA,EFA,EFA,EFA,EFA,EFA,EFA,EFA,EFA,EFA
2011-07,EFA,SPY,SPY,SPY,SPY,SPY,SPY,SPY,SPY,SPY,SPY,SPY,SPY,SPY,SPY,SPY,SPY,SPY,SPY,SPY,SPY,SPY,SPY,SPY,SPY,SPY,SPY,SPY,SPY,SPY
2011-08,IEF,IEF,IEF,IEF,IEF,IEF,IEF,IEF,IEF,IEF,IEF,IEF,IEF,IEF,IEF,IEF,IEF,IEF,IEF,IEF,IEF,IEF,IEF,IEF,IEF,IEF,IEF,IEF,IEF,IEF
2011-09,IEF,IEF,IEF,IEF,IEF,IEF,IEF,IEF,IEF,IEF,IEF,IEF,IEF,IEF,IEF,IEF,IEF,IEF,IEF,IEF,IEF,IEF,IEF,IEF,IEF,IEF,IEF,IEF,IEF,IEF
2011-10,IEF,IEF,IEF,IEF,IEF,IEF,IEF,IEF,IEF,IEF,IEF,IEF,IEF,IEF,IEF,IEF,IEF,IEF,IEF,IEF,IEF,IEF,IEF,IEF,IEF,IEF,IEF,IEF,IEF,IEF
2011-11,IEF,IEF,IEF,IEF,IEF,IEF,IEF,IEF,IEF,IEF,IEF,IEF,IEF,IEF,IEF,IEF,IEF,IEF,IEF,IEF,IEF,IEF,IEF,IEF,IEF,IEF,IEF,IEF,IEF,IEF
2011-12,IEF,IEF,IEF,IEF,IEF,IEF,IEF,IEF,IEF,IEF,IEF,IEF,IEF,IEF,IEF,IEF,IEF,IEF,IEF,IEF,IEF,IEF,IEF,IEF,IEF,IEF,IEF,IEF,IEF,IEF
2012-01,IEF,IEF,IEF,IEF,IEF,IEF,IEF,IEF,IEF,IEF,IEF,IEF,IEF,IEF,IEF,IEF,IEF,IEF,IEF,IEF,IEF,IEF,IEF,IEF,IEF,IEF,IEF,IEF,IEF,IEF
2012-02,IEF,IEF,IEF,SPY,SPY,SPY,SPY,SPY,SPY,SPY,SPY,SPY,SPY,SPY,SPY,SPY,SPY,SPY,SPY,SPY,SPY,SPY,SPY,SPY,SPY,SPY,SPY,IEF,SPY,SPY
2012-03,SPY,SPY,SPY,LQD,SPY,SPY,SPY,SPY,SPY,SPY,SPY,SPY,SPY,SPY,SPY,SPY,SPY,SPY,SPY,SPY,SPY,SPY,SPY,SPY,SPY,SPY,SPY,SPY,SPY,SPY
2012-04,SPY,SPY,SPY,SPY,SPY,IEF,IEF,SPY,IEF,IEF,LQD,IEF,IEF,IEF,IEF,IEF,IEF,IEF,IEF,IEF,IEF,IEF,IEF,IEF,IEF,IEF,IEF,IEF,IEF,IEF
2012-05,IEF,IEF,IEF,IEF,IEF,IEF,IEF,IEF,IEF,IEF,IEF,IEF,IEF,IEF,IEF,IEF,IEF,IEF,IEF,IEF,IEF,IEF,IEF,IEF,IEF,IEF,IEF,IEF,IEF,IEF
2012-06,IEF,IEF,IEF,IEF,IEF,IEF,IEF,IEF,IEF,IEF,IEF,IEF,IEF,IEF,IEF,IEF,IEF,IEF,IEF,IEF,IEF,IEF,IEF,IEF,IEF,IEF,IEF,IEF,IEF,IEF
2012-07,IEF,IEF,IEF,IEF,IEF,IEF,LQD,LQD,LQD,LQD,LQD,LQD,LQD,LQD,LQD,LQD,LQD,LQD,LQD,LQD,IEF,LQD,LQD,LQD,LQD,LQD,LQD,LQD,LQD,IEF
2012-08,LQD,LQD,LQD,LQD,LQD,SPY,SPY,SPY,SPY,SPY,SPY,SPY,SPY,SPY,SPY,LQD,LQD,LQD,SPY,SPY,SPY,SPY,SPY,SPY,SPY,SPY,SPY,SPY,SPY,LQD
2012-09,LQD,LQD,LQD,SPY,LQD,SPY,SPY,SPY,SPY,SPY,SPY,SPY,SPY,SPY,SPY,SPY,SPY,SPY,SPY,SPY,SPY,SPY,SPY,SPY,SPY,SPY,SPY,SPY,SPY,SPY
2012-10,SPY,SPY,SPY,SPY,SPY,SPY,SPY,SPY,SPY,SPY,SPY,SPY,SPY,SPY,SPY,SPY,SPY,SPY,SPY,SPY,SPY,SPY,SPY,SPY,SPY,SPY,SPY,SPY,SPY,SPY
2012-11,SPY,SPY,SPY,SPY,SPY,AGG,EFA,EFA,EFA,EFA,EFA,EFA,EFA,EFA,EFA,EFA,EFA,EFA,EFA,EFA,EFA,EFA,EFA,EFA,EFA,EFA,EFA,EFA,EFA,EFA
2012-12,EFA,EFA,EFA,EFA,EFA,EFA,EFA,EFA,EFA,EFA,EFA,EFA,EFA,EFA,EFA,EEM,EEM,EFA,EFA,EFA,EFA,EFA,EFA,EFA,EFA,EFA,EFA,EFA,EFA,EFA
2013-01,EEM,EEM,EFA,EFA,EFA,EFA,EFA,EFA,EFA,EFA,EFA,EFA,EFA,EFA,EFA,EFA,EFA,EFA,EFA,EFA,EFA,EFA,EFA,EFA,EFA,EFA,EFA,EFA,EFA,EFA
2013-02,EFA,EFA,EFA,EFA,EFA,EFA,EFA,EFA,EFA,EFA,EFA,EFA,EFA,SPY,EFA,SPY,SPY,SPY,SPY,SPY,SPY,EFA,EFA,SPY,EFA,EFA,EFA,EFA,EFA,EFA
2013-03,SPY,SPY,SPY,SPY,EFA,SPY,SPY,SPY,LQD,SPY,LQD,LQD,LQD,LQD,LQD,SPY,SPY,SPY,LQD,LQD,LQD,LQD,LQD,LQD,LQD,SPY,SPY,SPY,SPY,SPY
2013-04,IEF,IEF,LQD,LQD,LQD,LQD,LQD,LQD,SPY,LQD,LQD,LQD,LQD,LQD,LQD,EFA,EFA,LQD,EFA,EFA,LQD,LQD,LQD,LQD,LQD,LQD,LQD,LQD,SPY,LQD
2013-05,EFA,EFA,EFA,EFA,EFA,EFA,EFA,EFA,EFA,EFA,EFA,EFA,SPY,EFA,EFA,SHY,LQD,LQD,LQD,SPY,SPY,EFA,EFA,EFA,SPY,SPY,EFA,EFA,EFA,EFA
2013-06,SHY,SHY,SHY,SHY,SHY,SHY,SHY,SHY,SHY,SHY,SHY,SHY,SHY,SHY,SHY,SHY,SHY,SHY,SHY,SHY,SHY,SHY,SHY,SHY,SHY,SHY,SHY,SHY,SHY,SHY
2013-07,SHY,SHY,SHY,SHY,SHY,SHY,SHY,SHY,SHY,SHY,SHY,SHY,SHY,SHY,SHY,SHY,SHY,SHY,SHY,SHY,SHY,SHY,SHY,SHY,SHY,SHY,SHY,SHY,SHY,SHY
2013-08,SHY,SHY,SHY,SHY,SHY,SHY,SHY,SHY,SHY,SHY,SHY,SHY,SHY,SHY,SHY,SHY,SHY,SHY,SHY,SHY,SHY,SHY,SHY,SHY,SHY,SHY,SHY,SHY,SHY,SHY
2013-09,SHY,SHY,SHY,SHY,SHY,SHY,SHY,SHY,SHY,SHY,SHY,SHY,SHY,SHY,SHY,SHY,SHY,SHY,SHY,SHY,SHY,SHY,SHY,SHY,SHY,SHY,SHY,SHY,SHY,SHY
2013-10,SHY,SHY,SHY,SHY,SHY,SHY,SHY,SHY,SHY,SHY,SHY,SHY,SHY,SHY,SHY,SHY,SHY,SHY,SHY,SHY,SHY,SHY,SHY,SHY,SHY,SHY,SHY,SHY,SHY,SHY
2013-11,SHY,SHY,SHY,SHY,SHY,SHY,SHY,SHY,SHY,SHY,SHY,SHY,SHY,SHY,SHY,SHY,SHY,SHY,SHY,SHY,SHY,SHY,SHY,SHY,SHY,SHY,SHY,SHY,SHY,SHY
2013-12,SHY,SHY,SHY,SHY,SHY,LQD,LQD,LQD,SHY,LQD,LQD,LQD,LQD,LQD,SPY,LQD,LQD,LQD,LQD,LQD,SPY,LQD,LQD,LQD,LQD,LQD,LQD,LQD,LQD,SPY
2014-01,LQD,LQD,LQD,LQD,LQD,LQD,LQD,LQD,LQD,LQD,LQD,LQD,LQD,LQD,LQD,LQD,LQD,LQD,LQD,LQD,LQD,LQD,LQD,LQD,LQD,LQD,LQD,LQD,LQD,LQD
2014-02,LQD,LQD,LQD,LQD,LQD,LQD,LQD,LQD,LQD,LQD,LQD,LQD,LQD,LQD,LQD,LQD,LQD,LQD,LQD,LQD,LQD,LQD,LQD,LQD,LQD,LQD,LQD,LQD,LQD,LQD
2014-03,LQD,LQD,LQD,LQD,LQD,LQD,LQD,LQD,LQD,LQD,LQD,LQD,LQD,LQD,LQD,SPY,LQD,LQD,LQD,LQD,LQD,LQD,LQD,LQD,LQD,LQD,LQD,LQD,LQD,LQD
2014-04,SPY,SPY,SPY,SPY,SPY,SPY,SPY,SPY,SPY,SPY,SPY,SPY,SPY,SPY,SPY,SPY,SPY,SPY,SPY,SPY,SPY,SPY,SPY,SPY,SPY,SPY,SPY,SPY,SPY,SPY
2014-05,SPY,SPY,SPY,SPY,SPY,SPY,SPY,SPY,SPY,SPY,SPY,SPY,SPY,SPY,SPY,SPY,SPY,SPY,SPY,SPY,SPY,SPY,SPY,SPY,SPY,SPY,SPY,SPY,SPY,SPY
2014-06,SPY,SPY,SPY,SPY,SPY,SPY,SPY,SPY,SPY,SPY,SPY,SPY,SPY,EFA,EFA,SPY,SPY,SPY,SPY,SPY,SPY,EFA,EFA,SPY,SPY,SPY,SPY,SPY,SPY,SPY
2014-07,SPY,SPY,SPY,EEM,EEM,EEM,SPY,SPY,SPY,SPY,SPY,SPY,SPY,EEM,EEM,EEM,EEM,EEM,EEM,EEM,EEM,EEM,EEM,EEM,SPY,SPY,SPY,SPY,SPY,SPY
2014-08,EEM,EEM,EEM,EEM,EEM,EEM,EEM,EEM,EEM,EEM,EEM,EEM,EEM,EEM,EEM,EEM,EEM,EEM,EEM,EEM,SPY,EEM,EEM,EEM,EEM,EEM,EEM,EEM,EEM,EEM
2014-09,EEM,EEM,EEM,EEM,SPY,SPY,SPY,SPY,SPY,SPY,SPY,SPY,SPY,SPY,SPY,LQD,LQD,LQD,LQD,SPY,LQD,SPY,SPY,SPY,SPY,SPY,SPY,SPY,SPY,SPY
2014-10,LQD,LQD,LQD,LQD,LQD,LQD,LQD,LQD,IEF,IEF,IEF,IEF,IEF,IEF,IEF,LQD,LQD,LQD,IEF,IEF,IEF,IEF,IEF,IEF,IEF,IEF,IEF,IEF,IEF,IEF
2014-11,LQD,LQD,IEF,IEF,LQD,IEF,LQD,LQD,IEF,IEF,IEF,IEF,IEF,IEF,IEF,IEF,IEF,IEF,IEF,IEF,IEF,IEF,IEF,IEF,IEF,LQD,LQD,LQD,LQD,LQD
2014-12,IEF,IEF,IEF,IEF,IEF,IEF,IEF,IEF,IEF,IEF,IEF,IEF,IEF,IEF,IEF,IEF,IEF,IEF,IEF,IEF,IEF,IEF,IEF,IEF,IEF,IEF,IEF,IEF,IEF,IEF
2015-01,IEF,IEF,IEF,IEF,IEF,IEF,IEF,IEF,IEF,IEF,IEF,IEF,IEF,IEF,IEF,IEF,IEF,IEF,IEF,IEF,IEF,IEF,IEF,IEF,IEF,IEF,IEF,IEF,IEF,IEF
2015-02,IEF,SPY,SPY,SPY,IEF,IEF,IEF,IEF,LQD,SPY,SPY,SPY,LQD,LQD,LQD,SPY,LQD,LQD,LQD,LQD,LQD,LQD,LQD,SPY,LQD,LQD,LQD,IEF,IEF,IEF
2015-03,SPY,LQD,LQD,LQD,LQD,LQD,IEF,LQD,LQD,LQD,IEF,IEF,SPY,IEF,SPY,IEF,SPY,IEF,IEF,IEF,SPY,SPY,SPY,IEF,SPY,IEF,IEF,LQD,LQD,LQD
2015-04,SPY,SPY,SPY,SPY,SPY,EEM,SPY,SPY,SPY,SPY,EEM,SPY,SPY,SPY,EEM,EEM,EEM,EEM,EEM,EEM,EEM,EEM,SPY,SPY,SPY,EEM,SPY,SPY,SPY,SPY
2015-05,SPY,SPY,SPY,SPY,SPY,SPY,SPY,SPY,SPY,SPY,SPY,SPY,SPY,SPY,SPY,IEF,IEF,SPY,SPY,SPY,SPY,SPY,SPY,SPY,SPY,SPY,EFA,SPY,SPY,SPY
2015-06,IEF,IEF,IEF,IEF,IEF,SHY,SHY,SHY,SHY,SHY,SHY,IEF,IEF,IEF,IEF,SHY,SHY,SHY,SHY,SHY,SHY,SHY,IEF,IEF,SHY,IEF,SHY,SHY,IEF,SHY
2015-07,SHY,SHY,IEF,IEF,IEF,SHY,SHY,SHY,SHY,SHY,SHY,SHY,SHY,SHY,SHY,IEF,IEF,SHY,IEF,IEF,IEF,IEF,SHY,SHY,SHY,SHY,SHY,SHY,SHY,SHY
2015-08,IEF,IEF,IEF,IEF,IEF,IEF,IEF,IEF,IEF,IEF,IEF,IEF,IEF,IEF,IEF,IEF,IEF,IEF,IEF,IEF,IEF,IEF,IEF,IEF,IEF,IEF,IEF,IEF,IEF,IEF
2015-09,IEF,IEF,IEF,IEF,IEF,IEF,IEF,IEF,IEF,IEF,IEF,IEF,IEF,IEF,IEF,IEF,IEF,IEF,IEF,IEF,IEF,IEF,IEF,IEF,IEF,IEF,IEF,IEF,IEF,IEF
2015-10,IEF,IEF,IEF,IEF,IEF,IEF,IEF,IEF,IEF,IEF,IEF,IEF,IEF,IEF,IEF,IEF,IEF,IEF,IEF,IEF,IEF,IEF,IEF,IEF,IEF,IEF,IEF,IEF,IEF,IEF
2015-11,IEF,IEF,IEF,IEF,SHY,SHY,IEF,IEF,IEF,IEF,IEF,IEF,IEF,IEF,IEF,IEF,IEF,IEF,IEF,IEF,IEF,IEF,IEF,IEF,IEF,IEF,IEF,SHY,IEF,SHY
2015-12,IEF,IEF,IEF,IEF,IEF,IEF,IEF,IEF,IEF,IEF,IEF,IEF,IEF,IEF,IEF,IEF,IEF,IEF,IEF,IEF,IEF,IEF,IEF,IEF,IEF,IEF,IEF,IEF,IEF,IEF
2016-01,IEF,IEF,IEF,IEF,IEF,IEF,IEF,IEF,IEF,IEF,IEF,IEF,IEF,IEF,IEF,IEF,IEF,IEF,IEF,IEF,IEF,IEF,IEF,IEF,IEF,IEF,IEF,IEF,IEF,IEF
2016-02,IEF,IEF,IEF,IEF,IEF,IEF,IEF,IEF,IEF,IEF,IEF,IEF,IEF,IEF,IEF,IEF,IEF,IEF,IEF,IEF,IEF,IEF,IEF,IEF,IEF,IEF,IEF,IEF,IEF,IEF
2016-03,IEF,IEF,IEF,IEF,IEF,IEF,IEF,IEF,SPY,LQD,LQD,LQD,LQD,LQD,LQD,LQD,LQD,LQD,LQD,LQD,LQD,LQD,LQD,LQD,LQD,LQD,LQD,LQD,LQD,IEF
2016-04,LQD,LQD,LQD,LQD,LQD,LQD,LQD,IEF,LQD,LQD,LQD,SPY,SPY,SPY,SPY,LQD,LQD,SPY,SPY,LQD,LQD,SPY,SPY,SPY,SPY,LQD,LQD,LQD,IEF,IEF
2016-05,LQD,LQD,LQD,LQD,LQD,LQD,LQD,LQD,LQD,LQD,LQD,LQD,LQD,LQD,LQD,LQD,LQD,LQD,LQD,LQD,LQD,LQD,LQD,LQD,LQD,LQD,LQD,LQD,LQD,LQD
2016-06,LQD,LQD,LQD,LQD,SPY,SPY,LQD,LQD,LQD,LQD,LQD,LQD,LQD,LQD,LQD,LQD,LQD,LQD,IEF,LQD,SPY,LQD,LQD,LQD,LQD,LQD,LQD,LQD,LQD,LQD
2016-07,LQD,LQD,LQD,LQD,LQD,LQD,LQD,LQD,EEM,EEM,EEM,EEM,EEM,LQD,LQD,EEM,EEM,EEM,EEM,EEM,LQD,LQD,LQD,LQD,EEM,LQD,EEM,LQD,LQD,LQD
2016-08,EEM,EEM,EEM,EEM,EEM,EEM,EEM,EEM,EEM,EEM,EEM,EEM,EEM,EEM,EEM,EEM,EEM,EEM,EEM,EEM,EEM,EEM,EEM,EEM,EEM,EEM,EEM,EEM,EEM,EEM
2016-09,EEM,EEM,EEM,EEM,EEM,EEM,EEM,EEM,EEM,EEM,EEM,EEM,EEM,EEM,EEM,EEM,EEM,EEM,EEM,EEM,EEM,EEM,EEM,EEM,EEM,EEM,EEM,EEM,EEM,EEM
2016-10,EEM,EEM,EEM,EEM,EEM,EEM,EEM,EEM,LQD,LQD,LQD,EEM,LQD,LQD,LQD,LQD,LQD,LQD,LQD,LQD,LQD,LQD,LQD,EEM,EEM,LQD,LQD,EEM,EEM,EEM
2016-11,LQD,LQD,LQD,LQD,LQD,LQD,LQD,LQD,SHY,SHY,SHY,SHY,SHY,SHY,SHY,SHY,SHY,SHY,SHY,SHY,SHY,SHY,SHY,SHY,SHY,SHY,SHY,SHY,LQD,LQD
2016-12,SHY,SHY,SHY,SHY,SHY,SHY,SHY,SHY,SHY,SHY,SHY,SHY,SHY,SHY,SHY,LQD,LQD,SHY,SHY,SHY,SHY,SHY,SHY,SHY,SHY,SHY,SHY,SHY,SHY,SHY
2017-01,LQD,LQD,LQD,LQD,LQD,LQD,LQD,LQD,LQD,EEM,LQD,LQD,LQD,LQD,LQD,LQD,LQD,LQD,LQD,LQD,LQD,LQD,LQD,LQD,LQD,EEM,LQD,LQD,LQD,LQD
2017-02,LQD,LQD,LQD,LQD,LQD,LQD,LQD,LQD,LQD,LQD,LQD,LQD,LQD,LQD,LQD,SPY,EEM,EEM,EEM,EEM,LQD,LQD,LQD,LQD,LQD,LQD,LQD,LQD,LQD,LQD
2017-03,LQD,LQD,LQD,LQD,LQD,LQD,SHY,LQD,SHY,SHY,LQD,LQD,LQD,LQD,LQD,LQD,LQD,LQD,LQD,EEM,LQD,EEM,EEM,EEM,LQD,LQD,LQD,LQD,SHY,SHY
2017-04,EEM,EEM,EEM,EEM,LQD,EEM,EEM,EEM,EEM,EEM,EEM,SPY,SPY,SPY,SPY,SPY,SPY,SPY,EEM,SPY,SPY,SPY,SPY,SPY,EEM,EEM,EEM,SPY,EEM,EEM
2017-05,EEM,EEM,EEM,EFA,EFA,LQD,EEM,EEM,EEM,EEM,EEM,EEM,EEM,EEM,EEM,EEM,EEM,EEM,EEM,EEM,EEM,EEM,EEM,EEM,EEM,EEM,EEM,EEM,EEM,EEM
2017-06,EEM,EEM,EEM,EEM,EEM,EEM,EEM,EEM,EEM,EEM,EEM,EEM,EEM,EEM,EEM,EEM,EEM,EEM,EEM,EEM,EEM,EEM,EEM,EEM,EEM,EEM,EEM,EEM,EEM,EEM
2017-07,EEM,EEM,EEM,EEM,EEM,EEM,EEM,EEM,EEM,EEM,EEM,EEM,EEM,EEM,EEM,EEM,EEM,EEM,EEM,EEM,EEM,EEM,EEM,EEM,EEM,EEM,EEM,EEM,EEM,EEM
2017-08,EEM,EEM,EEM,EEM,EEM,EEM,EEM,EEM,EEM,EEM,EEM,EEM,EEM,EEM,EEM,EEM,EEM,EEM,EEM,EEM,EEM,EEM,EEM,EEM,EEM,EEM,EEM,EEM,EEM,EEM
2017-09,EEM,EEM,EEM,EEM,EEM,EEM,EEM,EEM,EEM,EEM,EEM,EEM,EEM,EEM,EEM,EEM,EEM,EEM,EEM,EEM,EEM,EEM,EEM,EEM,EEM,EEM,EEM,EEM,EEM,EEM
2017-10,EEM,EEM,EEM,EEM,EEM,EEM,EEM,EEM,EEM,EEM,EEM,EEM,EEM,EEM,EEM,EEM,EEM,EEM,EEM,EEM,EEM,EEM,EEM,EEM,EEM,EEM,EEM,EEM,EEM,EEM
2017-11,EEM,EEM,EEM,EEM,EEM,EEM,EEM,EEM,EEM,EEM,EEM,EEM,EEM,EEM,EEM,EEM,EEM,EEM,EEM,EEM,EEM,EEM,EEM,EEM,EEM,EEM,EEM,EEM,EEM,EEM
2017-12,EEM,EEM,EEM,SPY,SPY,SPY,EEM,SPY,EEM,EEM,EEM,EEM,EEM,EEM,EEM,EEM,EEM,EEM,EEM,EEM,EEM,EEM,EEM,EEM,EEM,EEM,EEM,SPY,EEM,EEM
2018-01,EEM,EEM,EEM,EEM,EEM,EEM,EEM,EEM,EEM,EEM,EEM,EEM,EEM,EEM,EEM,LQD,LQD,EEM,EEM,EEM,EEM,EEM,EEM,EEM,EEM,EEM,EEM,EEM,EEM,EEM
2018-02,LQD,LQD,LQD,LQD,LQD,SHY,SHY,SHY,SHY,SHY,SHY,LQD,SHY,SHY,SHY,SHY,SHY,SHY,SHY,SHY,SHY,SHY,LQD,LQD,SHY,SHY,SHY,SHY,SHY,LQD
2018-03,SHY,SHY,SHY,SHY,SHY,SHY,SHY,SHY,SHY,SHY,SHY,SHY,SHY,SHY,SHY,SHY,SHY,SHY,SHY,SHY,SHY,SHY,SHY,SHY,SHY,SHY,SHY,SHY,SHY,SHY
2018-04,SHY,SHY,SHY,SHY,SHY,SHY,LQD,SHY,SHY,SHY,SHY,SHY,SHY,SHY,SHY,SHY,SHY,SHY,SHY,SHY,SHY,SHY,SHY,SHY,SHY,SHY,SHY,SHY,LQD,LQD
2018-05,SHY,SHY,SHY,SHY,SHY,SHY,SHY,SHY,SHY,SHY,SHY,SHY,SHY,SHY,SHY,SHY,SHY,SHY,SHY,SHY,SHY,SHY,SHY,SHY,SHY,SHY,SHY,SHY,SHY,SHY
2018-06,SHY,SHY,SHY,SHY,SHY,SHY,SHY,SHY,SHY,SHY,SHY,SHY,SHY,SHY,SHY,SHY,SHY,SHY,SHY,SHY,SHY,SHY,SHY,SHY,SHY,SHY,SHY,SHY,SHY,SHY
2018-07,SHY,SHY,SHY,SHY,SHY,SHY,SHY,SHY,SHY,SHY,SHY,SHY,SHY,SHY,SHY,SHY,SHY,SHY,SHY,SHY,SHY,SHY,SHY,SHY,SHY,SHY,SHY,SHY,SHY,SHY
2018-08,SHY,SHY,SHY,LQD,SHY,SHY,SHY,SHY,SHY,LQD,LQD,LQD,LQD,LQD,LQD,SHY,SHY,SHY,SHY,LQD,LQD,LQD,IEF,LQD,LQD,LQD,LQD,LQD,SHY,SHY
2018-09,SHY,SHY,SHY,SHY,SHY,SHY,LQD,LQD,LQD,SHY,SHY,SHY,SHY,SHY,SHY,SHY,SHY,SHY,SHY,SHY,SHY,SHY,SHY,SHY,SHY,SHY,SHY,LQD,SHY,LQD
2018-10,SHY,SHY,SHY,SHY,SHY,SHY,SHY,SHY,SHY,SHY,SHY,SHY,SHY,SHY,SHY,SHY,SHY,SHY,SHY,SHY,SHY,SHY,SHY,SHY,SHY,SHY,SHY,SHY,SHY,SHY
2018-11,SHY,SHY,SHY,SHY,SHY,SHY,SHY,SHY,SHY,SHY,SHY,SHY,SHY,SHY,SHY,SHY,SHY,SHY,SHY,SHY,SHY,SHY,SHY,SHY,SHY,SHY,SHY,SHY,SHY,SHY
2018-12,SHY,IEF,IEF,IEF,IEF,IEF,IEF,IEF,IEF,IEF,IEF,IEF,IEF,IEF,IEF,IEF,IEF,IEF,IEF,IEF,IEF,IEF,IEF,IEF,IEF,IEF,IEF,IEF,IEF,IEF
2019-01,IEF,IEF,IEF,IEF,IEF,IEF,IEF,IEF,IEF,IEF,IEF,IEF,IEF,IEF,IEF,IEF,IEF,IEF,IEF,IEF,IEF,IEF,IEF,IEF,IEF,IEF,IEF,IEF,IEF,IEF
2019-02,IEF,IEF,LQD,IEF,IEF,IEF,IEF,LQD,LQD,IEF,IEF,IEF,IEF,SPY,IEF,LQD,IEF,IEF,IEF,IEF,IEF,IEF,IEF,IEF,IEF,LQD,LQD,IEF,IEF,IEF
2019-03,LQD,LQD,SPY,AGG,LQD,IEF,IEF,IEF,SPY,SPY,SPY,SPY,SPY,SPY,SPY,SPY,LQD,LQD,LQD,SPY,SPY,SPY,SPY,SPY,SPY,SPY,IEF,SPY,AGG,AGG
2019-04,SPY,SPY,SPY,SPY,SPY,SPY,SPY,SPY,SPY,SPY,SPY,SPY,SPY,SPY,SPY,SPY,SPY,SPY,SPY,SPY,SPY,SPY,SPY,SPY,SPY,SPY,SPY,SPY,SPY,SPY
2019-05,SPY,SPY,SPY,SPY,LQD,LQD,LQD,LQD,IEF,LQD,LQD,LQD,LQD,LQD,LQD,LQD,LQD,LQD,IEF,LQD,LQD,LQD,LQD,LQD,LQD,LQD,LQD,LQD,IEF,LQD
2019-06,IEF,LQD,LQD,LQD,LQD,LQD,LQD,LQD,LQD,LQD,LQD,SPY,SPY,SPY,SPY,SPY,SPY,SPY,SPY,SPY,SPY,SPY,SPY,SPY,LQD,LQD,LQD,LQD,SPY,LQD
2019-07,SPY,SPY,SPY,SPY,SPY,SPY,SPY,SPY,SPY,SPY,SPY,SPY,SPY,SPY,SPY,LQD,LQD,LQD,SPY,LQD,SPY,SPY,SPY,SPY,SPY,SPY,SPY,SPY,SPY,SPY
2019-08,LQD,LQD,IEF,LQD,LQD,LQD,LQD,LQD,LQD,LQD,LQD,LQD,LQD,LQD,LQD,LQD,LQD,LQD,LQD,LQD,LQD,LQD,LQD,LQD,LQD,LQD,LQD,LQD,LQD,LQD
2019-09,LQD,LQD,SPY,AGG,SPY,SPY,SPY,SPY,SPY,SPY,SPY,SPY,LQD,LQD,LQD,LQD,LQD,LQD,LQD,LQD,SPY,LQD,LQD,SPY,SPY,SPY,SPY,SPY,SPY,SPY
2019-10,LQD,LQD,LQD,LQD,LQD,LQD,LQD,LQD,AGG,LQD,AGG,LQD,AGG,AGG,AGG,SPY,SPY,SPY,SPY,SPY,SPY,AGG,AGG,AGG,AGG,AGG,LQD,AGG,LQD,AGG
2019-11,SPY,SPY,SPY,EFA,EFA,SPY,EFA,SPY,SPY,SPY,SPY,SPY,SPY,SPY,SPY,SPY,SPY,SPY,SPY,SPY,SPY,SPY,SPY,SPY,SPY,SPY,SPY,SPY,SPY,SPY
2019-12,SPY,SPY,SPY,SPY,SPY,SPY,SPY,SPY,SPY,SPY,SPY,SPY,SPY,SPY,SPY,SPY,SPY,SPY,SPY,SPY,SPY,SPY,SPY,SPY,SPY,SPY,SPY,SPY,SPY,SPY
2020-01,SPY,SPY,SPY,SPY,SPY,SPY,SPY,SPY,SPY,SPY,SPY,SPY,SPY,SPY,SPY,LQD,SPY,SPY,SPY,SPY,SPY,SPY,SPY,SPY,SPY,SPY,SPY,SPY,SPY,SPY
2020-02,SPY,SPY,SPY,SPY,SPY,SPY,SPY,SPY,SPY,SPY,SPY,SPY,SPY,SPY,LQD,LQD,IEF,LQD,LQD,SPY,SPY,SPY,SPY,SPY,SPY,SPY,SPY,SPY,SPY,SPY
2020-03,LQD,IEF,LQD,IEF,IEF,IEF,IEF,IEF,IEF,IEF,IEF,IEF,IEF,IEF,IEF,IEF,IEF,IEF,IEF,IEF,IEF,IEF,IEF,IEF,IEF,IEF,IEF,IEF,IEF,IEF
2020-04,IEF,IEF,IEF,IEF,IEF,IEF,IEF,IEF,IEF,IEF,IEF,IEF,IEF,IEF,IEF,IEF,IEF,IEF,IEF,IEF,IEF,IEF,IEF,IEF,IEF,IEF,IEF,IEF,IEF,IEF
2020-05,IEF,IEF,IEF,IEF,IEF,IEF,IEF,IEF,IEF,IEF,IEF,IEF,IEF,IEF,IEF,IEF,IEF,IEF,IEF,IEF,IEF,IEF,IEF,IEF,IEF,IEF,IEF,IEF,IEF,IEF
2020-06,IEF,SPY,SPY,SPY,SPY,SPY,SPY,SPY,SPY,SPY,SPY,SPY,SPY,SPY,SPY,SPY,SPY,AGG,SPY,SPY,SPY,SPY,SPY,SPY,SPY,SPY,SPY,SPY,SPY,SPY
2020-07,SPY,SPY,EEM,EEM,EEM,LQD,EEM,LQD,EEM,SPY,SPY,SPY,EEM,EEM,SPY,EEM,EEM,EEM,EEM,EEM,EEM,SPY,SPY,EEM,SPY,SPY,SPY,SPY,EEM,IEF
2020-08,EEM,EEM,EEM,EEM,SPY,SPY,SPY,SPY,SPY,SPY,EEM,EEM,SPY,SPY,SPY,SPY,SPY,SPY,SPY,EEM,SPY,SPY,SPY,SPY,EEM,EEM,SPY,SPY,EEM,SPY
2020-09,SPY,SPY,SPY,SPY,SPY,SPY,SPY,SPY,SPY,SPY,EEM,EEM,EEM,EEM,SPY,SPY,SPY,SPY,SPY,SPY,SPY,SPY,EEM,EEM,EEM,SPY,SPY,SPY,SPY,SPY
2020-10,SPY,SPY,SPY,SPY,SPY,SPY,SPY,SPY,SPY,SPY,SPY,SPY,SPY,SPY,EEM,LQD,LQD,LQD,EEM,EEM,EEM,SPY,EEM,SPY,SPY,SPY,SPY,SPY,SPY,SPY
2020-11,EEM,EEM,EEM,EEM,EEM,EEM,EEM,EEM,EEM,EEM,EEM,EEM,EEM,EEM,EEM,EEM,EEM,EEM,EEM,EEM,EEM,EEM,EEM,EEM,EEM,EEM,EEM,EEM,EEM,EEM
2020-12,EEM,EEM,EEM,EEM,EEM,EEM,EEM,EEM,EEM,EEM,EEM,EEM,EEM,EEM,EEM,EEM,EEM,EEM,EEM,EEM,EEM,EEM,EEM,EEM,EEM,EEM,EEM,EEM,EEM,EEM
2021-01,EEM,EEM,EEM,EEM,EEM,EEM,EEM,EEM,EEM,EEM,EEM,EEM,EEM,EEM,EEM,EEM,EEM,EEM,EEM,EEM,EEM,EEM,EEM,EEM,EEM,EEM,EEM,EEM,EEM,EEM
2021-02,EEM,EEM,EEM,EEM,EEM,EEM,EEM,EEM,EEM,EEM,EEM,EEM,EEM,SHY,SHY,SHY,SHY,SHY,SHY,SHY,SHY,EEM,EEM,EEM,EEM,EEM,EEM,EEM,EEM,EEM
2021-03,SHY,SHY,SHY,SHY,SHY,SHY,SHY,SHY,LQD,SHY,SHY,LQD,EEM,LQD,LQD,SHY,SHY,SHY,SHY,SHY,LQD,LQD,LQD,LQD,LQD,LQD,SHY,SHY,SHY,SHY
2021-04,LQD,LQD,LQD,LQD,LQD,LQD,SHY,SHY,SHY,LQD,SHY,SHY,LQD,LQD,LQD,LQD,SHY,LQD,LQD,LQD,LQD,LQD,LQD,LQD,SHY,SHY,LQD,LQD,LQD,SHY
2021-05,LQD,LQD,LQD,LQD,LQD,LQD,LQD,SHY,SHY,SHY,LQD,SHY,SHY,SHY,SHY,SHY,LQD,LQD,LQD,SHY,SHY,SHY,SHY,SHY,SHY,LQD,SHY,SHY,LQD,LQD
2021-06,SHY,SHY,SHY,LQD,LQD,SPY,SPY,SPY,SPY,SPY,LQD,LQD,SPY,SPY,SPY,SPY,SPY,SPY,LQD,LQD,LQD,SPY,SPY,SPY,SPY,LQD,SPY,SPY,SPY,SPY
2021-07,LQD,SPY,SPY,SPY,SPY,SPY,SPY,LQD,SPY,SPY,SPY,SPY,SPY,SPY,SPY,SPY,SPY,SPY,LQD,LQD,SPY,SPY,SPY,SPY,SPY,SPY,SPY,SPY,SPY,SPY
2021-08,SPY,SPY,SPY,SPY,SPY,LQD,LQD,SPY,SPY,SPY,LQD,LQD,LQD,LQD,LQD,SPY,SPY,SPY,SPY,SPY,SPY,LQD,LQD,LQD,LQD,LQD,SPY,SPY,SPY,SPY
2021-09,SPY,SPY,SPY,SPY,SPY,SPY,SPY,SPY,SPY,SPY,SPY,SPY,LQD,SPY,SPY,LQD,LQD,LQD,SPY,SPY,SPY,SPY,SPY,LQD,SPY,SPY,SPY,SPY,SPY,SPY
2021-10,LQD,LQD,LQD,LQD,LQD,SHY,SHY,SHY,LQD,LQD,LQD,LQD,SHY,SHY,SHY,LQD,LQD,LQD,LQD,LQD,SHY,SHY,SHY,SHY,LQD,LQD,LQD,LQD,SHY,SHY
2021-11,LQD,LQD,LQD,LQD,LQD,SPY,SPY,SPY,LQD,LQD,LQD,SHY,LQD,LQD,LQD,LQD,SHY,SHY,SHY,SHY,SHY,LQD,LQD,LQD,SHY,LQD,LQD,LQD,SPY,SPY
2021-12,IEF,LQD,LQD,LQD,LQD,LQD,LQD,LQD,LQD,LQD,LQD,IEF,IEF,IEF,LQD,LQD,LQD,LQD,LQD,LQD,LQD,LQD,LQD,IEF,IEF,IEF,LQD,LQD,LQD,SHY
2022-01,SHY,SHY,SHY,SHY,SHY,SHY,SHY,SHY,SHY,SHY,SHY,SHY,SHY,SHY,SHY,SHY,SHY,SHY,SHY,SHY,SHY,SHY,SHY,SHY,SHY,SHY,SHY,SHY,SHY,SHY
2022-02,SHY,SHY,SHY,SHY,SHY,SHY,SHY,SHY,SHY,SHY,SHY,SHY,SHY,SHY,SHY,SHY,SHY,SHY,SHY,SHY,SHY,SHY,SHY,SHY,SHY,SHY,SHY,SHY,SHY,SHY
2022-03,SHY,SHY,SHY,IEF,IEF,SHY,SHY,SHY,SHY,SHY,SHY,SHY,SHY,SHY,SHY,SHY,SHY,SHY,SHY,SHY,SHY,SHY,SHY,SHY,SHY,SHY,SHY,SHY,SHY,SHY
2022-04,SHY,SHY,SHY,SHY,SHY,SHY,SHY,SHY,SHY,SHY,SHY,SHY,SHY,SHY,SHY,SHY,SHY,SHY,SHY,SHY,SHY,SHY,SHY,SHY,SHY,SHY,SHY,SHY,SHY,SHY
2022-05,SHY,SHY,SHY,SHY,SHY,SHY,SHY,SHY,SHY,SHY,SHY,SHY,SHY,SHY,SHY,SHY,SHY,SHY,SHY,SHY,SHY,SHY,SHY,SHY,SHY,SHY,SHY,SHY,SHY,SHY
2022-06,SHY,SHY,SHY,SHY,SHY,SHY,SHY,SHY,SHY,SHY,SHY,SHY,SHY,SHY,SHY,SHY,SHY,SHY,SHY,SHY,SHY,SHY,SHY,SHY,SHY,SHY,SHY,SHY,SHY,SHY
2022-07,SHY,SHY,SHY,SHY,SHY,SHY,SHY,SHY,SHY,SHY,SHY,SHY,SHY,SHY,SHY,SHY,SHY,SHY,SHY,SHY,SHY,SHY,SHY,SHY,SHY,SHY,SHY,SHY,SHY,SHY
2022-08,SHY,SHY,SHY,SHY,SHY,SHY,SHY,SHY,SHY,SHY,SHY,SHY,SHY,SHY,SHY,SHY,SHY,SHY,SHY,SHY,SHY,SHY,SHY,SHY,SHY,SHY,SHY,SHY,SHY,SHY
2022-09,SHY,SHY,SHY,SHY,SHY,SHY,SHY,SHY,SHY,SHY,SHY,SHY,SHY,SHY,SHY,SHY,SHY,SHY,SHY,SHY,SHY,SHY,SHY,SHY,SHY,SHY,SHY,SHY,SHY,SHY
2022-10,SHY,SHY,SHY,SHY,SHY,SHY,SHY,SHY,SHY,SHY,SHY,SHY,SHY,SHY,SHY,SHY,SHY,SHY,SHY,SHY,SHY,SHY,SHY,SHY,SHY,SHY,SHY,SHY,SHY,SHY
2022-11,SHY,SHY,SHY,SHY,SHY,SHY,SHY,SHY,SHY,SHY,SHY,SHY,SHY,SHY,SHY,SHY,SHY,SHY,SHY,SHY,SHY,SHY,SHY,SHY,SHY,SHY,SHY,SHY,SHY,SHY
2022-12,SHY,SHY,SHY,SHY,LQD,SHY,SHY,SHY,SHY,LQD,SHY,SHY,SHY,SHY,SHY,SHY,SHY,SHY,SHY,SHY,SHY,SHY,SHY,SHY,SHY,SHY,LQD,SHY,SHY,SHY
2023-01,SHY,SHY,SHY,SHY,SHY,SHY,SHY,LQD,LQD,LQD,LQD,LQD,LQD,LQD,LQD,LQD,LQD,LQD,EFA,LQD,LQD,LQD,EFA,LQD,LQD,SHY,LQD,LQD,SHY,SHY
2023-02,EFA,EFA,LQD,LQD,LQD,LQD,SHY,SHY,SHY,SHY,SHY,SHY,SHY,SHY,SHY,SHY,SHY,SHY,SHY,SHY,SHY,SHY,SHY,SHY,SHY,SHY,SHY,SHY,SHY,LQD
2023-03,SHY,SHY,SHY,SHY,SHY,SHY,SHY,SHY,SHY,SHY,SHY,SHY,SHY,SHY,SHY,EFA,EFA,EFA,EFA,SHY,IEF,SHY,SHY,SHY,SHY,SHY,SHY,SHY,SHY,SHY
2023-04,EFA,LQD,LQD,IEF,EFA,EFA,EFA,EFA,EFA,EFA,EFA,EFA,EFA,EFA,EFA,EFA,EFA,LQD,LQD,EFA,EFA,EFA,EFA,EFA,EFA,EFA,EFA,EFA,EFA,EFA
2023-05,LQD,LQD,IEF,EFA,EFA,EFA,EFA,EFA,IEF,IEF,IEF,IEF,EFA,EFA,EFA,SHY,SHY,SHY,SHY,SHY,SHY,SHY,SHY,SHY,SHY,SHY,EFA,IEF,EFA,EFA
2023-06,SHY,SHY,SHY,SPY,SHY,SPY,SPY,SHY,SHY,LQD,SPY,SPY,SPY,SPY,SPY,LQD,LQD,SPY,SPY,SPY,SPY,LQD,SPY,SPY,LQD,SPY,LQD,SHY,SHY,SHY
2023-07,LQD,LQD,SHY,SHY,SHY,SHY,LQD,SHY,SHY,SHY,SHY,LQD,SHY,SHY,SHY,SHY,SHY,SHY,SHY,SHY,SHY,SHY,SHY,LQD,SHY,SHY,SHY,LQD,SHY,SHY
2023-08,SHY,SHY,SHY,SHY,SHY,SHY,SHY,SHY,SHY,SHY,SHY,SHY,SHY,SHY,SHY,SHY,SHY,SHY,SHY,SHY,SHY,SHY,SHY,SHY,SHY,SHY,SHY,SHY,SHY,SHY
2023-09,SHY,SHY,SHY,SHY,SHY,SHY,SHY,SHY,SHY,SHY,SHY,SHY,SHY,SHY,SHY,SHY,SHY,SHY,SHY,SHY,SHY,SHY,SHY,SHY,SHY,SHY,SHY,SHY,SHY,SHY
2023-10,SHY,SHY,SHY,SHY,SHY,SHY,SHY,SHY,SHY,SHY,SHY,SHY,SHY,SHY,SHY,SHY,SHY,SHY,SHY,SHY,SHY,SHY,SHY,SHY,SHY,SHY,SHY,SHY,SHY,SHY
2023-11,SHY,SHY,SHY,SHY,SHY,SHY,SHY,SHY,SHY,SPY,SHY,SPY,SPY,SPY,SPY,SPY,SPY,SPY,SPY,SPY,SPY,SPY,SPY,SPY,SPY,SPY,SPY,SHY,SHY,SHY
2023-12,SPY,SPY,SPY,SPY,SPY,SPY,SPY,SPY,SPY,SPY,SPY,SPY,SPY,SPY,SPY,SPY,SPY,SPY,SPY,SPY,SPY,SPY,SPY,SPY,SPY,SPY,SPY,SPY,SPY,SPY
2024-01,SPY,SPY,SPY,SPY,SPY,SPY,LQD,LQD,SPY,LQD,LQD,LQD,LQD,LQD,LQD,LQD,LQD,LQD,LQD,LQD,LQD,LQD,LQD,LQD,LQD,LQD,LQD,SPY,SPY,SPY
2024-02,LQD,LQD,LQD,SPY,SPY,SPY,SPY,SPY,SPY,SPY,SPY,SPY,SPY,SPY,SPY,SPY,SPY,SPY,SPY,SPY,SPY,SPY,SPY,SPY,SPY,SPY,SPY,SPY,SPY,SPY
2024-03,SPY,SPY,SPY,SPY,SPY,SPY,SPY,SPY,SPY,SPY,SPY,SPY,SPY,SPY,SPY,SPY,SPY,SPY,SPY,SPY,SPY,SPY,SPY,SPY,SPY,SPY,SPY,SPY,SPY,SPY
2024-04,SPY,SPY,SPY,SPY,SPY,SPY,SPY,SHY,SHY,SPY,SPY,SPY,SPY,SPY,SPY,SHY,SPY,SHY,SHY,SPY,SPY,SPY,SPY,SPY,SPY,SHY,SHY,SHY,SHY,SHY
2024-05,SHY,SPY,SPY,SPY,SPY,SPY,SPY,SPY,SPY,SPY,SPY,SPY,SPY,SPY,SPY,SPY,SPY,SPY,SPY,SPY,SPY,SPY,SPY,SPY,SPY,SPY,SPY,SPY,SPY,SPY
2024-06,SPY,SPY,SPY,SPY,SPY,SPY,SPY,SPY,SPY,SPY,SPY,SPY,SPY,SPY,SPY,SPY,SPY,SPY,SPY,SPY,SPY,SPY,SPY,SPY,SPY,SPY,SPY,SPY,SPY,SPY
2024-07,SPY,SPY,SPY,SPY,SPY,SPY,SPY,SPY,SPY,SPY,SPY,SPY,SPY,SPY,SPY,SPY,SPY,SPY,SPY,SPY,SPY,SPY,SPY,SPY,SPY,SPY,SPY,SPY,SPY,SPY
2024-08,SPY,SPY,IEF,IEF,IEF,SPY,SPY,SPY,SPY,SPY,SPY,SPY,SPY,SPY,SPY,SPY,SPY,SPY,SPY,SPY,SPY,SPY,SPY,SPY,SPY,SPY,SPY,SPY,SPY,SPY
2024-09,SPY,SPY,SPY,SPY,SPY,SPY,SPY,SPY,SPY,SPY,SPY,SPY,SPY,SPY,SPY,SPY,EEM,EEM,SPY,SPY,SPY,SPY,SPY,SPY,SPY,SPY,SPY,SPY,SPY,SPY
2024-10,EEM,EEM,EEM,EEM,EEM,SPY,SPY,SPY,SPY,SPY,SPY,SPY,SPY,SPY,SPY,SPY,SPY,SPY,SPY,SPY,SPY,SPY,SPY,SPY,SPY,SPY,SPY,SPY,SPY,SPY
2024-11,SPY,SPY,SPY,SPY,SPY,SPY,SPY,SPY,SPY,SPY,LQD,SPY,LQD,LQD,LQD,SPY,SPY,LQD,LQD,LQD,LQD,LQD,LQD,LQD,LQD,SPY,SHY,SPY,SPY,SPY
2024-12,SPY,SPY,SPY,SPY,SPY,SPY,SPY,SPY,SPY,SPY,SPY,SPY,SHY,SHY,SHY,SHY,SHY,SHY,SHY,SHY,SHY,SHY,SHY,SHY,SPY,SPY,SPY,SPY,SPY,SPY
2025-01,SHY,SHY,SHY,SHY,SHY,SHY,SHY,SHY,SHY,SHY,SHY,SPY,SPY,SPY,SPY,SPY,SPY,SPY,SPY,SPY,SPY,SPY,SPY,SPY,SHY,SHY,SHY,SHY,SHY,SHY
2025-02,SPY,SPY,SPY,SPY,SPY,SPY,SPY,SPY,SPY,SPY,SPY,SPY,SPY,SPY,SPY,SPY,EEM,EEM,SPY,SPY,EEM,SPY,SPY,SPY,SPY,SPY,SPY,SPY,SPY,SPY
2025-03,EFA,EFA,EFA,EFA,EFA,SHY,SHY,SHY,SHY,SHY,EEM,SHY,EFA,EFA,SHY,SHY,SHY,EFA,EFA,EFA,EFA,SHY,IEF,EFA,SHY,SHY,SHY,SHY,SHY,SHY
